,author,subreddit,body,id,link_id,created_utc,created,permalink
0,bigbear0083,wallstreetbets,"HERE ARE THE NOTABLE COMPANIES COMING OUT WITH EARNINGS RELEASES.

**THE FOLLOWING LINKS INCLUDES ALL OF THE NOTABLE STOCK TICKERS, TIME OF RELEASE, AND THE CONSENSUS EARNINGS ESTIMATES:**

*****

&GT; #(**[CLICK HERE FOR TODAY'S AMC EARNINGS RELEASES LINK #1!](HTTPS://I.IMGUR.COM/MITMVP1.PNG)**)
&GT; #(**[CLICK HERE FOR TODAY'S AMC EARNINGS RELEASES LINK #2!](HTTPS://I.IMGUR.COM/44RU81B.PNG)**)

*****

&GT; #(**[CLICK HERE FOR TOMORROW'S BMO EARNINGS RELEASES LINK #1!](HTTPS://I.IMGUR.COM/RGONKWC.PNG)**)
&GT; #(**[CLICK HERE FOR TOMORROW'S BMO EARNINGS RELEASES LINK #2!](HTTPS://I.IMGUR.COM/A0K0GWS.PNG)**)

*****

&GT; #(**[CLICK HERE FOR THE FULL WEEKLY EARNINGS CALENDAR FOR THIS WEEK!](HTTPS://WWW.REDDIT.COM/R/WALLSTREETBETS/COMMENTS/ESVX5V/MOST_ANTICIPATED_EARNINGS_RELEASES_FOR_THE_WEEK/)**)

*****",ffxbpfw,t3_evqp33,1580321868,1580347068.0,/r/wallstreetbets/comments/evqp33/notable_earnings_releases_due_out_after_todays/ffxbpfw/
1,woobie1196,wallstreetbets,"I MEAN THAT'S ONE STEP CLOSER BUT STILL DOESN'T TELL ME BMO OR AMC


EDIT: AND TOS APP ... FOHGEDABOUTIT
HTTPS://IMGUR.COM/ZWG0GZL.JPG",ffvm4x1,t3_evbl8h,1580267367,1580292567.0,/r/wallstreetbets/comments/evbl8h/what_are_your_moves_tomorrow_january_29/ffvm4x1/
2,bigbear0083,wallstreetbets,"HERE ARE THE NOTABLE COMPANIES COMING OUT WITH EARNINGS RELEASES.

**THE FOLLOWING LINKS INCLUDES ALL OF THE NOTABLE STOCK TICKERS, TIME OF RELEASE, AND THE CONSENSUS EARNINGS ESTIMATES:**

*****

&GT; #(**[CLICK HERE FOR TODAY'S AMC EARNINGS RELEASES!](HTTPS://I.IMGUR.COM/GPSZDJV.PNG)**)

*****

&GT; #(**[CLICK HERE FOR TOMORROW'S BMO EARNINGS RELEASES LINK #1!](HTTPS://I.IMGUR.COM/0RSKX7D.PNG)**)
&GT; #(**[CLICK HERE FOR TOMORROW'S BMO EARNINGS RELEASES LINK #2!](HTTPS://I.IMGUR.COM/3HPWOXP.PNG)**)

*****

&GT; #(**[CLICK HERE FOR THE FULL WEEKLY EARNINGS CALENDAR FOR THIS WEEK!](HTTPS://WWW.REDDIT.COM/R/WALLSTREETBETS/COMMENTS/ESVX5V/MOST_ANTICIPATED_EARNINGS_RELEASES_FOR_THE_WEEK/)**)

*****",fftzoit,t3_ev87gw,1580231256,1580256456.0,/r/wallstreetbets/comments/ev87gw/notable_earnings_releases_due_out_after_todays/fftzoit/
3,Robbinh00d7,wallstreetbets,"IQ IS THE PERFECT PLAY

* WAY OFF ALL TIME HIGHS

* STARTED TRENDING UP BEFORE THIS RETARDED SCARE

* DIS, AMC, ETC... CLOSING THEATRES AND MOVIES IN CHINA SO MOVIES DECIDE TO GO ONLINE OPENING THE MARKET BACK UP

* IQ IS LIKE YOUTUBE TV

* NON-SICK PEOPLE WILL STAY HOME TO WATCH THEIR SHIT; SICK PEOPLE/HOSPITALS WILL ABSOLUTELY BUY SUBSCRIPTIONS TO WATCH THEIR SHIT IN CONTAINMENT

* FORMER MEME STOCK


WHAT MORE COULD YOU ASK FOR FROM WSB?",fftahe8,t3_ev46l5,1580214419,1580239619.0,/r/wallstreetbets/comments/ev46l5/daily_discussion_thread_january_28_2020/fftahe8/
4,MaveRickandMorty,wallstreetbets,HEY. I'M STUPID. PLAYING AMC CALLS BECAUSE I'M TOO POOR TO PLAY A REAL STOCK. HOW FUCKED AM I?,ffqizle,t3_eumj9a,1580135917,1580161117.0,/r/wallstreetbets/comments/eumj9a/daily_discussion_thread_january_27_2020/ffqizle/
5,kcwwinemaker,wallstreetbets,TOP 5 KC PUBLIC COMPANIES: S SEB AMC CERN YRC,ffpwdko,t3_eucwgc,1580108317,1580133517.0,/r/wallstreetbets/comments/eucwgc/what_are_your_moves_tomorrow_january_27/ffpwdko/
6,Ke1ton,wallstreetbets,RIDE MY TSLA PTON AND AMC SHARES TO THE MOON.,ffd9pcj,t3_eszf19,1579816182,1579841382.0,/r/wallstreetbets/comments/eszf19/what_are_your_moves_tomorrow_january_24/ffd9pcj/
7,MaveRickandMorty,wallstreetbets,"FUCK MY DREAM WAS WRONG, AMC DOWN 2.51% ON OPEN",ffc2pns,t3_esrlmx,1579790058,1579815258.0,/r/wallstreetbets/comments/esrlmx/daily_discussion_thread_january_23_2020/ffc2pns/
8,MaveRickandMorty,wallstreetbets,NO. EVERYTHING I GOT IN AMC. I'M A SAGE!,ffbxpar,t3_esrlmx,1579786121,1579811321.0,/r/wallstreetbets/comments/esrlmx/daily_discussion_thread_january_23_2020/ffbxpar/
9,MaveRickandMorty,wallstreetbets,"LAST NIGHT I DREAMED AMC WENT UP 8%

LIKE, THE ENTIRE DREAM WAS JUST WATCHING THE CHART GO UP

BOUGHT TO MOVE MY PORTFOLIO TO 100% AMC CALLS",ffbxerm,t3_esrlmx,1579785870,1579811070.0,/r/wallstreetbets/comments/esrlmx/daily_discussion_thread_january_23_2020/ffbxerm/
10,zebrawaterfall,wallstreetbets,PUTS ON TXN? ANY MORE EARNINGS YOU GUYS ARE PLAYING FOR AMC OR BMO TOMORROW?,ff97zlr,t3_esaggt,1579706958,1579732158.0,/r/wallstreetbets/comments/esaggt/daily_discussion_thread_january_22_2020/ff97zlr/
11,justknoweverything,wallstreetbets,BUY AMC STOCK!,ff35534,t3_erd1c1,1579533913,1579559113.0,/r/wallstreetbets/comments/erd1c1/this_weekends_top_grossing_movie_as_an_indicator/ff35534/
12,love2fuckbearasshoe,wallstreetbets,AMC$ FUCK NO,fewjps0,t3_eq5jxu,1579412033,1579437233.0,/r/wallstreetbets/comments/eq5jxu/weekend_discussion_thread_january_1719_2020/fewjps0/
13,ilovewsb,wallstreetbets,LOL YOU‚ÄôRE RIGHT THO THE PREMIUM IS UTTER TRASH. BUT THERE ARE WORSE STOCKS TO BAGHOLD. I WANTED TO THIS ON AMC BUT IT‚ÄôS SUCH A BAD STOCK. MOVES A LOT MORE THAN FORD THO AND IS CHEAPER TOO,fewjgb2,t3_eq5jxu,1579411850,1579437050.0,/r/wallstreetbets/comments/eq5jxu/weekend_discussion_thread_january_1719_2020/fewjgb2/
14,ilovewsb,wallstreetbets,"GAY AMC, GAY AURORA, GAY CHESAPEAKE

JUST KIDDING",felt2ck,t3_eppku8,1579230236,1579255436.0,/r/wallstreetbets/comments/eppku8/what_are_your_moves_tomorrow_january_17/felt2ck/
15,MangoManBad,wallstreetbets,MFW I CALL AMC BEFORE A \~10% JUMP AND MY DD DOESN'T GET APPROVED BUT SPACEMINER42069 GETS HIS IN WITHOUT ANY FINANCIAL ANALIST.,fek3a8i,t3_epk8po,1579191698,1579216898.0,/r/wallstreetbets/comments/epk8po/spce_to_the_moon_dd_inside/fek3a8i/
16,MangoManBad,wallstreetbets,"I'M FEELING BULLISH ON IT GIVEN HOW AGGRESSIVELY IT'S BEEN GOING UP, LOOKING LIKE PREVIOUS TRENDS. AT CURRENT PRICES IT'S GOOD YOLO, I'M IN AMC/CONN RN BUT I MIGHT THROW SOME MONEY IN.

IT LOOKS LIKE WEED TRAIN IS NOW TAKING TICKETS AND READY TO LEAVE THE STATION  AS FAST AS ONE OF THOSE JAPANESE TRAINS.",fejxqbg,t3_epjsyg,1579188248,1579213448.0,/r/wallstreetbets/comments/epjsyg/acb_take_me_to_fucking_mars/fejxqbg/
17,MangoManBad,wallstreetbets,I WAS RELIEVED WHEN I WAS CALLED RETARDED FOR BUYING AMC AT THE DIP,fejvwfh,t3_ep4jxc,1579187065,1579212265.0,/r/wallstreetbets/comments/ep4jxc/dont_be_a_retard_buy_v/fejvwfh/
18,MangoManBad,wallstreetbets,**AMC 8$ EOW OR BAN**,fegvubj,t3_ep3kvk,1579103679,1579128879.0,/r/wallstreetbets/comments/ep3kvk/amc_hype_train_now_taking_tickets/fegvubj/
19,MaveRickandMorty,wallstreetbets,"&GT;NKTR DOWN A TON SINCE I BOUGHT SHORTS

&GT;AMC UP A TON SINCE I BOUGHT STOCKS

THE OPTIONS ON THESE COULD HAVE PRINTED TENDIES BUT BECAUSE ROBINHOOD HAS HELD UP MY APPLICATION PROCESS IVE ONLY BEEN ABLE TO PLAY A GAME ON MARKETWATCH. UP 30% ON OPEN THO",fegqww8,t3_ep0xus,1579100432,1579125632.0,/r/wallstreetbets/comments/ep0xus/daily_discussion_thread_january_15_2020/fegqww8/
20,MangoManBad,wallstreetbets,**BUY AMC SHIT IS RECOVERING RN BOY**,fegp7u0,t3_ep2zus,1579099261,1579124461.0,/r/wallstreetbets/comments/ep2zus/just_starting_off_any_advice/fegp7u0/
21,mrenormous,wallstreetbets,AMC IS STRAIGHT TRASH TO OWN,fee1aoa,t3_eojv73,1579024313,1579049513.0,/r/wallstreetbets/comments/eojv73/daily_discussion_thread_january_14_2020/fee1aoa/
22,BarbarousRelic,wallstreetbets,$AMC POPPING ON DOGSHIT VOLUME. WTF.,fee168z,t3_eojv73,1579024238,1579049438.0,/r/wallstreetbets/comments/eojv73/daily_discussion_thread_january_14_2020/fee168z/
23,MangoManBad,wallstreetbets,"BULLISH ON

AMC STOCK (SIDEWAYS, HOLDING). UNDERVALUED, LOOKS TO BE REVERSING THE TREND. MIGHT BUY SOME CALLS.

AKORN STOCK (UP 20%, SHOULDA FUCKING GOT CALLS ON THIS INSTEAD). VERY UNDERVALUED.

CONN CALLS/STOCK (DOWN \~8%. HOLDING FOR REBOUND). VERY UNDERVALUED. HAVE CALLS FOR FEB 21ST.",fedy9u4,t3_eoabog,1579022435,1579047635.0,/r/wallstreetbets/comments/eoabog/what_are_your_moves_tomorrow_january_14/fedy9u4/
24,MangoManBad,wallstreetbets,"DIDN‚ÄôT SELL YET, WAITING FOR A SHORT SQUEEZE. BANKING ON BUYBACK NEWS, I‚ÄôLL HOLD FOR A FEW MONTHS IF I HAVE TO.

MY CALLS EXP FEB 21ST.

ALSO HAVE SOME AKORN AND AMC. AKORN WORKED OUT SO FAR AND AMC MIGHT BE LEVELING OUT FINALLY OR REVERSING.",febkgbm,t3_ecz36i,1578959723,1578984923.0,/r/wallstreetbets/comments/ecz36i/what_are_some_risky_companies_your_eyeing/febkgbm/
25,lurkingsince2006,wallstreetbets,"&GT;THEY SELL A DANK SUBSCRIPTION LIKE AMZN NFLX AND DIS.

AH YES, MOVIEPASS DID SO WELL WITH ITS ECONOMICS.   THAT IS SUPPOSED TO MAGICALLY CHANGE WHEN AMC BRINGS IT IN HOUSE?  THIS SUBSCRIPTION CAN ONLY BE DILUTIVE.   LET‚ÄôS TAKE OUR BEST CUSTOMERS, THE LAST ONES LEFT WHO WOULDN‚ÄôT RATHER STAY HOME AND BINGE WATCH THE WITCHER, AND CUT OUR PRICES DRASTICALLY.",fdvy8e9,t3_en5ms9,1578753131,1578778331.0,/r/wallstreetbets/comments/en5ms9/wtf_is_up_with_amc/fdvy8e9/
26,thunderwurst_noine,wallstreetbets,"HOW THE AUTISTIC FUCK CAN YOU NOT MAKE MONEY OWNING MOVIE THEATERS WHEN THAT STAR WARS MUTHAFUCK CAME OUT AND ALSO FROZEN? THOSE THEATERS WERE PACKED TIGHTER THAN A DAVID EPSTEIN PARTY DURING THE DEMOCRATIC NATIONAL CONVENTION (AND NO, HE DIDN'T KILL HIMSELF).

BACK TO AMC...HOW THE FUCK ARE THEY BROKE? IT'S LIKE SAYING A PIMP IN NEW ORLEANS CAN'T MAKE MONEY. C'MON MAN.",fdvldm2,t3_en5ms9,1578748618,1578773818.0,/r/wallstreetbets/comments/en5ms9/wtf_is_up_with_amc/fdvldm2/
27,Krasnak,wallstreetbets,FUCK AMC I CAN SIT IN A DIET COKE AND SEMEN COVERED SEAT AT HOME,fduvb70,t3_en5ms9,1578739415,1578764615.0,/r/wallstreetbets/comments/en5ms9/wtf_is_up_with_amc/fduvb70/
28,SmallPotGuest,wallstreetbets,"PREVIOUSLY, ON AMC EARNINGS REPORT...",fdupovx,t3_en5ms9,1578736912,1578762112.0,/r/wallstreetbets/comments/en5ms9/wtf_is_up_with_amc/fdupovx/
29,optionstudent516,wallstreetbets,"NO GOOD MOVIES OUT , IN THE SUMMER I THOUGHT THE AMC PREMIER MEMBERSHIP WAS WORTH IT BUT I‚ÄôM ABOUT TO CANCEL IT 

-CHAD",fdupeey,t3_en5ms9,1578736763,1578761963.0,/r/wallstreetbets/comments/en5ms9/wtf_is_up_with_amc/fdupeey/
30,MangoManBad,wallstreetbets,"I'M PROUD OF YOU YOUNG MAN, AMC CALLS ARE THE WAY TO GO IF YOU WANT TO BE A TRUE FUCKING ANIMAL.",fdqkzgz,t3_emrp50,1578669187,1578694387.0,/r/wallstreetbets/comments/emrp50/i_am_about_to_turn_18_in_less_than_a_week_and_i/fdqkzgz/
31,MangoManBad,wallstreetbets,"GO TO THE THEATER LATELY?

&AMP;#X200B;

AMC LOOKING LIKE IT'S REBOUNDING.",fdqkpae,t3_emoes4,1578669000,1578694200.0,/r/wallstreetbets/comments/emoes4/new_type_of_dd_life_experience/fdqkpae/
32,gnocchicotti,wallstreetbets,"I'VE BEEN CHECKING GRINDR PROFILES AND *NOBODY* IS INTO ""AMC AND CHILL""

SHORT $AMC",fdn2i63,t3_em3f65,1578575332,1578600532.0,/r/wallstreetbets/comments/em3f65/most_fucked_positions_you_guys_still_hold/fdn2i63/
33,metaltrance,wallstreetbets,AMC MAKES ME CRY,fdmpvff,t3_em3f65,1578559915,1578585115.0,/r/wallstreetbets/comments/em3f65/most_fucked_positions_you_guys_still_hold/fdmpvff/
34,UnBeatable73,wallstreetbets,THANK GOD I'M NOT THE ONLY RETARD WITH AMC CALLS LOL. FUCK,fdmiece,t3_em3f65,1578551007,1578576207.0,/r/wallstreetbets/comments/em3f65/most_fucked_positions_you_guys_still_hold/fdmiece/
35,MangoManBad,wallstreetbets,"I‚ÄôVE BEEN MESSING AROUND WITH FALLING KNIVES FOR A BIT. KEEP IN MIND I AM IN FACT A PUSSY AND DO NOT HAVE A LOT OF MONEY (TO ME) IN ANY OF THESE COMPANIES.


I SUSPECT ALL OF THESE POSITIONS TO BE FUCKED IN THE NEAR TERM BUT TO PROVIDE FAT TENDERS IN ~6 MONTHS.


CONN STOCK

‚Äî MY CRYSTAL BALL üîÆ SAYS THIS STOCK IS UNDERVALUED. ALSO SAYS TO BUY CALLS.


AMC STOCK

‚Äî 6.69 AND 12% DIVIDEND. YOU‚ÄôRE GETTING PAID TO üíºHOLD, WHAT A STEAL.

OH WHAT, THEY HAVE A LOT OF DEBT? LIKE I FUCKING CARE, THEY OWN THE MARKET. ‚ÄúBUT WHAT ABOUT NETFLIX‚Äù? BITCH WHAT ABOUT THEM DOUBLING THEIR REVENUE, WHAT ABOUT FROZEN 2? TOP GROSSING MOVIE OF ALL TIME HOSTED VIA AMC, DOESN‚ÄôT SOUND LIKE ANY ISSUES TO ME. THEY TOOK ON THE DEBT TO TAKE OVER THE INDUSTRY AND IT FUCKING WORKED.

LIKE I GIVE A DAMN IF THOSE FINANCE NERDS DOWNGRADE THIS SHIT, AMC UPGRADED THEMSELVES FROM 1 BILLION TO 2 BILLION A YEAR.


AKORN STOCK

‚Äî MASSIVE CONTROVERSY, LOTS OF ILLEGAL SHIT. SOMEONE‚ÄôS GOING TO JAIL I THINK. LIKE THAT MATTERS, COMPANY PRINTS MOTHER FUCKING MONEY BOY AND STOCK IS SUPER CHEAP.üí∞",fdmd9om,t3_em3f65,1578546196,1578571396.0,/r/wallstreetbets/comments/em3f65/most_fucked_positions_you_guys_still_hold/fdmd9om/
36,jeahh,wallstreetbets,"400 AMC CALLS - MARCH 2020 $8 STRIKE...AVG IS .54 CENTS

I FEEL LIKE I AUTOMATICALLY WIN

STILL HOLDING...",fdm2kyr,t3_em3f65,1578538302,1578563502.0,/r/wallstreetbets/comments/em3f65/most_fucked_positions_you_guys_still_hold/fdm2kyr/
37,BarbarousRelic,wallstreetbets,$AMC MAKING A MOVE.,fdhgjxt,t3_ela5f8,1578422181,1578447381.0,/r/wallstreetbets/comments/ela5f8/daily_discussion_thread_january_07_2020/fdhgjxt/
38,justknoweverything,wallstreetbets,BUY AMC ENTERTAINMENT TOO PLEASE,fde2knz,t3_ekw9bi,1578329758,1578354958.0,/r/wallstreetbets/comments/ekw9bi/if_you_go_bear_the_terrorists_win/fde2knz/
39,SmallPotGuest,wallstreetbets,I'M AFRAID AMD WON'T WAIT UNTIL AMC TO MOON. I COULD HAVE REALLY USED A DIP TO BUY MORE FDS,fddhwfb,t3_eksot6,1578312971,1578338171.0,/r/wallstreetbets/comments/eksot6/daily_discussion_thread_january_06_2020/fddhwfb/
40,TimAppleBurner,wallstreetbets,SHORT AMC?,fddhwd7,t3_eksot6,1578312969,1578338169.0,/r/wallstreetbets/comments/eksot6/daily_discussion_thread_january_06_2020/fddhwd7/
41,o0DrWurm0o,wallstreetbets,AT AMC. BUY $AMC TOO - SHIT'S WAY UNDERVALUED.,fcvqthw,t3_eiuf8h,1578008019,1578033219.0,/r/wallstreetbets/comments/eiuf8h/uncut_gems_should_be_required_viewing_for_this_sub/fcvqthw/
